Name,Composition,Sites,Relative Abundance
unmodified,"0 HexNAc, 0 Hex, 0 Fuc",N52,5.838248525442367
M5,"2 HexNAc, 5 Hex, 0 Fuc",N52,1.839448165550335
M6,"2 HexNAc, 6 Hex, 0 Fuc",N52,0.18994301709487155
M7,"2 HexNAc, 7 Hex, 0 Fuc",N52,0.06997900629811057
A1G1,"3 HexNAc, 4 Hex, 0 Fuc",N52,4.308707387783665
A1G1M5,"3 HexNAc, 6 Hex, 0 Fuc",N52,2.119364190742777
A2G1,"4 HexNAc, 4 Hex, 0 Fuc",N52,2.4692592222333296
A2G2,"4 HexNAc, 5 Hex, 0 Fuc",N52,76.94691592522244
A2G2F,"4 HexNAc, 5 Hex, 1 Fuc",N52,3.3190042987103867
A3G3,"5 HexNAc, 6 Hex, 0 Fuc",N52,2.4692592222333296
A3G3F,"5 HexNAc, 6 Hex, 1 Fuc",N52,0.3398980305908228
A3G3F+LacN1,"6 HexNAc, 7 Hex, 1 Fuc",N52,0.08997300809757072
unmodified,"0 HexNAc, 0 Hex, 0 Fuc",N78,0.6296222266640016
M5,"2 HexNAc, 5 Hex, 0 Fuc",N78,0.16989806116330203
M6,"2 HexNAc, 6 Hex, 0 Fuc",N78,0.029982010793523882
M7,"2 HexNAc, 7 Hex, 0 Fuc",N78,0.059964021587047764
A1G1,"3 HexNAc, 4 Hex, 0 Fuc",N78,1.0593643813711773
A1G1F,"3 HexNAc, 4 Hex, 1 Fuc",N78,0.009994003597841295
A1G1M5,"3 HexNAc, 6 Hex, 0 Fuc",N78,0.4297421547071757
A2G1,"4 HexNAc, 4 Hex, 0 Fuc",N78,1.2192684389366382
A2G2,"4 HexNAc, 5 Hex, 0 Fuc",N78,82.2106735958425
A2G2F,"4 HexNAc, 5 Hex, 1 Fuc",N78,0.9794123525884469
A3G3,"5 HexNAc, 6 Hex, 0 Fuc",N78,12.822306616030382
A3G3F,"5 HexNAc, 6 Hex, 1 Fuc",N78,0.21986807915250847
A3G3+LacN1,"6 HexNAc, 7 Hex, 0 Fuc",N78,0.15990405756546072
