Name,Composition,Sites,Relative Abundance
unmodified,"0 HexNAc, 0 Hex, 0 Fuc",N13,37.325209748302036
M5,"2 HexNAc, 5 Hex, 0 Fuc",N13,1.0187774670395526
M6,"2 HexNAc, 6 Hex, 0 Fuc",N13,1.138633639632441
M7,"2 HexNAc, 7 Hex, 0 Fuc",N13,0.08989212944466639
A1G1,"3 HexNAc, 4 Hex, 0 Fuc",N13,1.0287654814222933
A1G1F,"3 HexNAc, 4 Hex, 1 Fuc",N13,0.04994007191370356
A1G1M5,"3 HexNAc, 6 Hex, 0 Fuc",N13,0.7491010787055533
A2G0F,"4 HexNAc, 3 Hex, 1 Fuc",N13,0.24970035956851777
A2G1,"4 HexNAc, 4 Hex, 0 Fuc",N13,2.5469436675988812
A2G2,"4 HexNAc, 5 Hex, 0 Fuc",N13,32.990411506192565
A2G2F,"4 HexNAc, 5 Hex, 1 Fuc",N13,18.15821014782261
A3G3,"5 HexNAc, 6 Hex, 0 Fuc",N13,2.327207351178586
A3G3F,"5 HexNAc, 6 Hex, 1 Fuc",N13,1.4182980423491809
A3G3+LacN1,"6 HexNAc, 7 Hex, 0 Fuc",N13,0.4095085896923691
A3G3F+LacN1,"6 HexNAc, 7 Hex, 1 Fuc",N13,0.49940071913703554
unmodified,"0 HexNAc, 0 Hex, 0 Fuc",N30,8.000392657308335
A1G1,"3 HexNAc, 4 Hex, 0 Fuc",N30,0.2454108177088446
A1G1M5,"3 HexNAc, 6 Hex, 0 Fuc",N30,0.36320801020909
A2G2,"4 HexNAc, 5 Hex, 0 Fuc",N30,0.2846765485422597
A2G2F,"4 HexNAc, 5 Hex, 1 Fuc",N30,87.05212525768135
A3G3F,"5 HexNAc, 6 Hex, 1 Fuc",N30,4.054186708550113
unmodified,"0 HexNAc, 0 Hex, 0 Fuc",O115-122,10.08
1 x Core,"1 HexNAc, 1 Hex, 0 Fuc",O115-122,53.17000000000001
2 x Core,"2 HexNAc, 2 Hex, 0 Fuc",O115-122,36.75
unmodified,"0 HexNAc, 0 Hex, 0 Fuc",O123-133,2.78
1 x Core,"1 HexNAc, 1 Hex, 0 Fuc",O123-133,19.59
2 x Core,"2 HexNAc, 2 Hex, 0 Fuc",O123-133,77.63
unmodified,"0 HexNAc, 0 Hex, 0 Fuc",O134-145,2.1102110211021103
1 x Core,"1 HexNAc, 1 Hex, 0 Fuc",O134-145,84.69846984698471
2 x Core,"2 HexNAc, 2 Hex, 0 Fuc",O134-145,13.191319131913193
